{"cameraMode":{"drawMode":0,"name":"Shaded","section":"Shading Mode"},"sceneLighting":true,"audioPlay":false,"sceneViewState":{"showFog":true,"showMaterialUpdate":false,"showSkybox":true,"showFlares":true,"showImageEffects":true,"showParticleSystems":true},"in2DMode":false,"pivot":{"x":-9.399999618530274,"y":0.5339999198913574,"z":-0.047711923718452457},"rotation":{"x":-0.18060795962810517,"y":-0.0466044582426548,"z":0.00856548361480236,"w":-0.9824208617210388},"size":1.4594905376434327,"orthographic":false}